Mutation,WT_residue,Position,Mutant_residue,EVmutation_score,Score_interpretation,EVmutation_prediction,Decision,Notes
L196Y,L,196,Y,-0.03,closer_to_zero_indicates_more_tolerated,evolutionarily_compatible,Retained,Retained mutation based on EVmutation filtering result.
A203M,A,203,M,-0.07,closer_to_zero_indicates_more_tolerated,evolutionarily_compatible,Retained,Retained mutation based on EVmutation filtering result.
N210P,N,210,P,-0.05,closer_to_zero_indicates_more_tolerated,evolutionarily_compatible,Retained,Retained mutation based on EVmutation filtering result.
S213T,S,213,T,-0.03,closer_to_zero_indicates_more_tolerated,evolutionarily_compatible,Retained,Retained mutation based on EVmutation filtering result.
N209R,N,209,R,-0.09,closer_to_zero_indicates_more_tolerated,evolutionarily_compatible,Retained,Retained mutation based on EVmutation filtering result.
T230V,T,230,V,-0.01,closer_to_zero_indicates_more_tolerated,evolutionarily_compatible,Retained,Retained mutation based on EVmutation filtering result.
L239F,L,239,F,-0.1,closer_to_zero_indicates_more_tolerated,evolutionarily_compatible,Retained,Retained mutation based on EVmutation filtering result.
A255R,A,255,R,-0.31,closer_to_zero_indicates_more_tolerated,evolutionarily_compatible,Retained,Retained mutation based on EVmutation filtering result.
W59A,W,59,A,-0.25,closer_to_zero_indicates_more_tolerated,evolutionarily_compatible,Retained,Retained mutation based on EVmutation filtering result.
T136G,T,136,G,-0.04,closer_to_zero_indicates_more_tolerated,evolutionarily_compatible,Retained,Retained mutation based on EVmutation filtering result.
W168G,W,168,G,-0.02,closer_to_zero_indicates_more_tolerated,evolutionarily_compatible,Retained,Retained mutation based on EVmutation filtering result.
P173E,P,173,E,-0.03,closer_to_zero_indicates_more_tolerated,evolutionarily_compatible,Retained,Retained mutation based on EVmutation filtering result.
V94A,V,94,A,-0.37,closer_to_zero_indicates_more_tolerated,evolutionarily_compatible,Retained,Retained mutation based on EVmutation filtering result.
L99I,L,99,I,-0.33,closer_to_zero_indicates_more_tolerated,evolutionarily_compatible,Retained,Retained mutation based on EVmutation filtering result.
L105Y,L,105,Y,-0.21,closer_to_zero_indicates_more_tolerated,evolutionarily_compatible,Retained,Retained mutation based on EVmutation filtering result.
C228T,C,228,T,-0.17,closer_to_zero_indicates_more_tolerated,evolutionarily_compatible,Retained,Retained mutation based on EVmutation filtering result.
P272E,P,272,E,-0.09,closer_to_zero_indicates_more_tolerated,evolutionarily_compatible,Retained,Retained mutation based on EVmutation filtering result.
T306L,T,306,L,-0.19,closer_to_zero_indicates_more_tolerated,evolutionarily_compatible,Retained,Retained mutation based on EVmutation filtering result.
G121D,G,121,D,-3.7,closer_to_zero_indicates_more_tolerated,evolutionarily_disfavored,Removed,Removed after EVmutation filtering
Y216G ,Y,216,G,-3.5,closer_to_zero_indicates_more_tolerated,evolutionarily_disfavored,Removed,Removed after EVmutation filtering
V188E ,V,188,E,-2.2,closer_to_zero_indicates_more_tolerated,evolutionarily_disfavored,Removed,Removed after EVmutation filtering
F223D,F,223,D,-5.1,closer_to_zero_indicates_more_tolerated,evolutionarily_disfavored,Removed,Removed after EVmutation filtering
D244E,D,244,E,-4.4,closer_to_zero_indicates_more_tolerated,evolutionarily_disfavored,Removed,Removed after EVmutation filtering
H250P,H,250,P,-4.7,closer_to_zero_indicates_more_tolerated,evolutionarily_disfavored,Removed,Removed after EVmutation filtering
E139N ,E,139,N,-3.3,closer_to_zero_indicates_more_tolerated,evolutionarily_disfavored,Removed,Removed after EVmutation filtering
W191N ,W,191,N,-6.1,closer_to_zero_indicates_more_tolerated,evolutionarily_disfavored,Removed,Removed after EVmutation filtering
P192T  ,P,192,T,-6.6,closer_to_zero_indicates_more_tolerated,evolutionarily_disfavored,Removed,Removed after EVmutation filtering
Y216G ,Y,216,G,-6.2,closer_to_zero_indicates_more_tolerated,evolutionarily_disfavored,Removed,Removed after EVmutation filtering
